,brand,processor_brand,processor_name,processor_gnrtn,ram_gb,ram_type,ssd,hdd,os,os_bit,warranty,msoffice,Price,rating,Number of Ratings,Number of Reviews
0,310,1,10,110,210,400,0,1024,500,64,0,0,34649,2,3,0
1,320,1,10,110,210,400,0,1024,500,64,0,0,38999,3,65,5
2,320,1,10,110,210,400,0,1024,500,64,0,0,39999,3,8,1
3,310,1,20,110,220,400,512,0,500,32,0,0,69990,3,0,0
4,310,1,30,120,210,400,0,512,500,64,0,0,26990,3,0,0
5,310,1,30,120,210,400,0,512,500,64,0,0,22990,3,0,0
6,310,1,30,120,210,400,0,512,500,32,0,0,21990,3,31,3
7,310,1,20,110,220,400,0,1024,500,32,0,0,58799,3,0,0
8,320,1,20,110,210,400,0,1024,500,32,0,0,49999,3,0,0
9,330,2,40,110,210,400,0,512,500,32,0,0,59990,4,1946,240
10,330,2,40,110,210,400,0,512,500,32,0,0,93700,4,259,47
11,330,2,40,110,210,400,0,512,500,32,0,0,72990,4,425,67
12,340,1,30,120,210,400,0,512,500,64,0,0,17490,3,1120,196
14,310,1,10,130,210,400,256,0,500,64,0,0,35990,3,0,0
15,350,1,10,130,220,400,256,0,500,64,1,0,56490,3,0,0
16,350,1,20,130,220,400,256,0,500,64,1,0,65390,3,0,0
17,320,1,30,120,210,400,256,0,500,64,0,0,31999,4,286,19
18,350,1,30,120,220,400,256,0,500,64,0,0,32490,4,58,6
19,320,1,30,120,210,400,256,0,500,64,0,0,31799,3,0,0
20,310,1,30,120,210,400,256,0,500,64,0,0,29890,4,7,0
21,310,1,30,120,210,400,0,1024,500,64,1,0,23990,3,15279,1947
22,350,1,10,140,210,400,0,1024,500,64,0,0,32955,4,311,27
23,350,1,20,140,210,400,0,1024,500,32,0,0,46200,4,47,7
24,310,1,10,130,210,400,256,0,500,64,0,0,34429,4,37,6
25,320,1,10,110,220,400,256,0,500,32,2,1,37990,4,2080,235
26,310,1,10,130,210,400,256,0,500,32,1,1,35990,4,1479,181
27,310,1,10,110,220,400,256,0,500,64,0,0,33980,4,67,3
28,350,1,10,130,220,400,256,0,500,64,1,1,39990,4,273,30
29,360,1,10,110,220,400,256,0,500,64,1,1,39490,4,1267,171
30,350,1,10,130,220,400,256,0,500,64,1,1,53990,4,14,0
31,330,1,10,130,220,400,256,0,500,64,1,0,38990,3,0,0
32,310,1,10,130,220,400,256,0,500,64,1,0,37990,4,284,39
33,310,1,10,130,220,400,256,0,500,64,1,1,37890,4,44,5
34,320,1,10,130,220,400,256,0,500,64,1,0,38990,4,33,4
35,320,1,10,110,220,400,256,0,500,64,0,0,37990,4,286,36
36,360,1,10,130,220,400,256,0,500,64,1,1,41990,3,10,5
37,310,1,10,130,220,400,256,0,500,64,1,0,45990,4,816,147
38,320,1,10,130,220,400,256,0,500,64,1,0,39990,4,543,65
39,360,1,10,130,220,400,256,0,500,64,0,0,42490,4,9,1
40,360,1,10,110,210,400,256,0,500,64,1,1,36990,4,1178,137
41,320,1,10,130,220,400,256,0,500,64,1,1,53990,4,299,41
42,310,1,10,130,220,400,256,0,500,64,0,0,36990,4,20,1
43,320,1,10,110,210,400,256,0,500,64,2,0,38940,4,758,64
44,360,1,10,110,210,400,256,0,500,64,1,1,39490,4,634,64
46,320,1,10,110,220,400,256,0,500,64,2,1,39999,5,4,0
47,360,1,10,130,220,400,256,0,500,64,1,0,42990,4,17,2
48,360,1,10,130,220,400,256,0,500,64,1,0,49990,4,24,5
49,360,1,10,130,220,400,256,0,500,64,1,1,41490,4,1753,165
50,360,1,10,130,220,400,256,0,500,64,0,0,41990,4,216,21
51,320,1,10,130,220,400,256,0,500,64,1,1,41990,4,1084,160
52,310,1,10,130,220,400,256,0,500,64,1,0,38490,3,19,3
53,320,1,10,130,210,400,256,0,500,64,1,1,38990,4,106,13
54,320,1,10,130,210,400,256,0,500,64,1,1,44990,4,42,4
55,320,1,10,110,210,400,256,0,500,64,0,0,36490,3,0,0
56,320,1,10,110,220,400,256,0,500,32,0,0,38970,3,0,0
57,350,1,10,130,210,400,256,0,500,64,1,1,44900,4,1029,107
58,370,1,10,110,210,400,256,0,500,64,0,0,38990,4,53,11
59,360,1,10,130,210,400,256,0,500,64,0,0,44427,3,0,0
60,310,1,10,110,210,400,256,0,500,64,1,0,35990,3,0,0
61,320,1,10,110,210,400,256,0,500,64,1,1,40200,3,48,1
62,320,1,10,110,210,400,256,0,500,32,0,0,40990,3,3,0
63,360,1,10,110,210,400,256,0,500,64,1,0,42490,3,0,0
64,330,1,30,120,210,400,0,512,500,32,0,0,23990,3,61,4
65,360,1,10,130,210,400,256,0,500,64,0,0,71999,4,97,13
66,310,1,10,130,210,400,256,0,500,64,1,0,39990,4,181,19
67,320,1,10,110,210,400,256,0,500,64,1,1,41998,4,529,39
68,310,1,10,130,210,400,256,0,500,32,0,0,41990,3,0,0
69,320,1,10,110,210,400,256,0,500,64,2,1,39999,3,0,0
70,310,1,10,110,210,400,256,0,500,32,0,0,39990,3,0,0
71,320,1,10,130,210,400,256,0,500,64,0,0,39998,4,10,1
72,350,1,10,130,210,400,256,0,500,64,1,1,42490,4,5205,561
73,320,1,10,110,210,400,256,0,500,32,0,0,41990,3,3,0
74,310,1,10,130,210,400,256,0,500,32,0,0,48490,3,0,0
75,350,1,10,130,210,400,256,0,500,64,1,1,44376,4,1090,96
76,360,1,10,130,210,400,256,0,500,32,0,0,43900,3,0,0
77,360,1,10,130,210,400,256,0,500,64,1,0,46690,3,0,0
78,320,1,10,110,210,400,256,0,500,32,0,0,40990,5,1,1
79,360,1,10,110,210,400,256,0,500,64,1,0,39990,4,44,2
80,320,1,10,130,210,400,256,0,500,64,0,0,43990,3,0,0
81,310,1,10,130,210,400,256,0,500,64,1,0,36990,4,70,9
82,360,1,10,130,220,400,256,0,500,64,1,0,48500,3,0,0
83,310,1,10,130,220,400,256,0,500,64,0,0,48990,3,0,0
84,310,1,30,120,210,410,0,512,500,32,0,0,23490,4,632,92
85,350,1,10,150,210,400,256,0,500,64,1,1,54238,4,71,8
86,310,1,10,110,220,400,512,0,500,64,1,0,37990,4,990,108
87,350,1,10,130,220,400,512,0,500,64,1,1,42990,4,158,18
88,350,1,10,130,220,400,512,0,500,64,1,1,42990,4,681,59
89,310,1,10,110,210,400,512,0,500,64,1,0,35990,4,130,12
90,310,1,10,130,220,400,512,0,500,64,1,0,42990,4,30,4
91,310,1,10,130,220,420,512,0,500,32,1,1,51990,4,6,2
92,310,1,10,130,220,400,512,0,500,64,1,0,48990,4,174,30
93,310,1,10,130,220,400,512,0,500,64,1,0,42990,4,40,7
94,320,1,10,110,220,400,512,0,500,64,1,0,38990,3,13,1
95,360,1,10,130,220,400,512,0,500,64,0,0,45990,4,184,29
96,350,1,10,110,220,400,512,0,500,64,1,1,42490,4,1296,126
97,350,1,10,130,220,400,512,0,500,64,1,1,43970,4,571,56
98,310,1,10,110,210,400,512,0,500,64,1,1,39990,4,2551,297
99,370,1,10,130,220,400,512,0,500,64,0,0,48990,4,17,3
100,350,1,10,130,220,400,512,0,500,64,1,1,54990,4,35,3
101,370,1,10,110,220,400,512,0,500,64,0,0,40990,4,118,17
102,310,1,10,130,220,400,512,0,500,64,1,1,41990,3,0,0
103,320,1,10,130,220,400,512,0,500,64,1,0,54990,4,245,34
104,310,1,10,130,220,400,512,0,500,64,1,1,44990,4,2058,305
105,350,1,10,130,220,400,512,0,500,64,1,0,41250,4,117,11
106,350,1,10,130,220,400,512,0,500,64,0,0,44990,3,0,0
107,310,1,10,130,220,400,512,0,500,64,1,0,42990,4,74,11
108,360,1,10,130,220,400,512,0,500,64,1,0,60790,4,10,1
109,350,1,10,130,220,400,512,0,500,64,0,0,45650,4,39,4
110,360,1,10,110,220,400,512,0,500,64,1,1,41990,3,29,7
111,360,1,10,110,220,400,512,0,500,64,1,0,45490,4,43,4
112,310,1,10,130,220,400,512,0,500,64,1,1,44990,3,0,0
113,320,1,10,130,220,400,512,0,500,64,2,1,42990,4,984,99
114,350,1,10,130,210,400,512,0,500,64,1,1,45490,4,523,66
115,350,1,10,110,210,400,512,0,500,32,0,0,38799,4,30,1
116,350,1,10,130,210,400,512,0,500,64,1,1,69267,3,0,0
117,310,1,10,130,210,400,512,0,500,64,1,1,51649,3,0,0
118,350,1,10,130,210,400,512,0,500,64,1,1,47990,4,1605,215
119,310,1,10,110,210,400,512,0,500,64,1,0,40990,4,4008,519
120,310,1,10,110,210,400,512,0,500,64,1,1,42990,4,1869,234
121,310,1,10,130,210,400,512,0,500,64,1,0,44890,3,7,0
122,310,1,10,110,210,400,512,0,500,64,1,0,41490,4,4008,519
123,350,1,10,130,210,400,512,0,500,32,1,0,50990,3,0,0
124,350,1,10,130,210,400,512,0,500,64,1,1,48900,4,1278,135
126,360,1,10,110,210,400,512,0,500,64,0,0,41790,3,0,0
127,320,1,10,130,210,400,512,0,500,64,1,1,57999,3,10,2
128,360,1,10,130,220,400,512,0,500,64,0,0,45930,3,0,0
129,350,1,10,130,220,400,512,0,500,64,1,1,55490,4,143,15
130,310,1,10,110,220,400,0,1024,500,64,1,0,32890,3,28,4
131,320,1,10,110,220,400,0,1024,500,64,1,1,35990,4,2124,233
132,360,1,10,130,220,400,0,1024,500,64,0,0,42490,4,276,40
133,360,1,10,130,220,400,0,1024,500,64,0,0,42190,3,250,21
134,360,1,10,110,220,400,0,1024,500,64,1,1,39490,4,1917,189
135,350,1,10,130,220,400,0,1024,500,64,1,1,43690,4,4999,490
136,310,1,10,110,210,400,0,1024,500,64,1,0,35990,3,17,0
137,360,1,10,130,220,400,0,1024,500,32,0,0,43800,4,17,0
138,320,1,10,110,220,400,0,1024,500,32,0,0,38990,3,0,0
139,310,1,10,110,210,400,0,1024,500,64,1,0,34990,3,4203,490
140,310,1,10,130,220,400,0,1024,500,64,1,0,38900,3,13,0
141,360,1,10,110,210,400,0,1024,500,64,1,0,39990,3,15,1
142,360,1,10,110,210,400,0,1024,500,32,0,0,40890,4,527,46
143,320,1,10,110,210,400,0,1024,500,64,1,0,36990,3,103,10
144,350,1,10,130,210,400,0,1024,500,64,1,1,39990,3,324,45
145,350,1,10,130,210,400,0,1024,500,64,1,1,41990,4,69,5
146,360,1,10,130,210,400,0,1024,500,32,0,0,43970,3,16,0
147,350,1,10,130,210,400,0,1024,500,64,1,0,39790,3,40,3
148,310,1,10,110,210,400,0,1024,500,32,0,0,35590,3,12,1
149,350,1,10,110,210,400,0,1024,500,64,1,1,36490,3,1146,175
150,310,1,10,110,210,400,0,1024,500,64,1,1,38990,4,1850,216
151,310,1,10,110,210,400,0,1024,500,32,0,0,33990,3,43,7
152,360,1,10,110,210,400,0,1024,500,64,1,1,43400,4,231,26
153,310,1,30,120,210,410,0,512,500,32,0,0,24990,4,502,93
154,350,1,10,110,210,400,0,1024,500,64,1,1,40750,4,1096,116
155,360,1,10,110,210,400,0,1024,500,64,1,1,43000,4,313,35
156,310,1,10,110,210,400,0,1024,500,64,0,0,38000,4,7,0
157,360,1,10,130,220,400,0,1024,500,64,1,1,37990,3,265,46
158,350,1,10,140,220,400,0,1024,500,64,0,0,49279,4,38,3
159,320,1,10,110,220,400,0,1024,500,32,0,0,38999,3,7,2
160,310,1,10,130,220,400,0,1024,500,32,0,0,41500,3,4,0
161,330,1,10,130,210,400,0,1024,500,32,0,0,36999,3,0,0
162,360,1,10,130,220,400,0,1024,500,32,0,0,42900,3,0,0
163,310,1,30,120,210,410,0,512,500,32,0,0,21490,3,818,113
164,360,1,10,130,220,400,0,1024,500,32,0,0,41480,3,25,4
165,310,1,10,110,220,400,0,1024,500,64,0,0,32990,2,12,0
166,310,1,10,130,220,400,0,1024,500,64,1,0,38680,3,17,1
167,310,1,30,120,210,410,0,512,500,32,0,0,23990,4,974,170
168,360,1,10,110,220,400,0,1024,500,64,0,0,40390,3,83,15
169,310,1,10,110,210,400,0,1024,500,64,0,0,33990,3,31,6
170,310,1,30,120,210,410,0,512,500,32,0,0,20490,3,637,91
171,360,1,10,110,220,400,256,1024,500,64,1,1,41490,5,7,5
172,360,1,10,130,220,400,256,1024,500,64,0,0,45490,4,207,16
173,360,1,10,130,220,400,256,1024,500,64,0,0,44490,4,844,103
174,310,1,10,130,220,400,256,1024,500,64,1,1,41890,4,53,6
175,360,1,10,130,210,400,256,1024,500,64,1,1,42990,4,62,7
176,330,1,10,130,220,400,256,1024,500,64,0,0,40990,4,38,2
177,360,1,10,130,220,400,256,1024,500,64,1,0,48990,4,724,92
178,360,1,10,130,210,400,256,1024,500,64,1,1,43590,3,0,0
179,360,1,10,110,210,400,256,1024,500,64,1,0,44690,4,9,0
180,310,1,10,110,210,400,256,1024,500,64,0,0,40990,3,0,0
181,360,1,10,130,210,400,256,1024,500,64,1,1,43990,3,0,0
183,360,1,10,110,210,400,256,1024,500,64,1,1,41390,4,56,7
184,360,1,10,110,210,400,256,1024,500,64,1,1,44290,3,0,0
185,360,1,10,130,210,400,256,1024,500,64,1,0,48999,3,0,0
186,360,1,10,130,210,400,256,1024,500,64,1,1,39990,3,170,11
187,360,1,10,110,220,400,256,1024,500,64,0,0,46390,2,95,5
188,310,1,30,120,210,410,0,512,500,64,0,0,18990,3,197,25
189,310,1,30,120,210,410,0,512,500,32,0,0,17990,3,1180,148
190,350,1,30,120,210,400,0,512,500,64,0,0,26470,3,232,23
191,350,1,30,120,210,400,0,512,500,64,0,0,27990,3,596,65
192,320,1,30,120,210,400,0,1024,500,32,0,0,29999,3,19,1
193,320,1,30,120,210,420,0,512,500,64,0,0,25990,3,84,16
194,320,1,30,120,210,410,0,512,500,32,0,0,16990,3,414,54
195,320,1,30,120,210,410,0,512,500,32,0,0,24990,2,70,16
196,330,1,20,120,220,430,0,512,500,32,0,0,50990,4,10966,1185
197,330,1,20,120,220,410,0,512,500,32,1,0,119990,4,1,1
198,330,1,20,110,220,410,0,512,510,32,0,0,94190,4,31,6
199,310,1,20,110,220,410,0,512,510,32,0,0,106167,4,1881,241
200,360,1,20,110,220,410,0,512,510,32,1,0,68090,1,23,4
201,360,1,20,110,220,410,0,512,510,32,1,0,139990,3,0,0
202,350,1,20,110,220,410,0,512,510,32,0,0,55990,4,818,109
203,350,1,20,110,220,410,0,512,510,32,0,0,102551,3,0,0
204,320,1,20,110,220,410,0,512,510,32,0,0,46990,4,4428,569
205,350,1,20,150,220,400,128,0,500,64,1,0,76012,4,129,16
206,320,1,20,130,220,400,256,0,500,64,2,1,49490,4,365,35
207,330,1,20,140,220,440,256,0,500,64,1,1,86867,4,39,3
208,310,1,20,130,220,400,256,0,500,64,1,0,48990,3,0,0
209,360,1,20,130,220,400,256,0,500,64,0,0,55990,3,3,0
210,330,1,20,150,220,440,256,0,500,64,1,1,81998,4,14,3
211,350,1,20,150,220,400,256,0,500,64,1,1,136590,3,0,0
212,330,1,20,150,220,400,256,0,500,64,1,0,59490,3,33,7
213,310,1,20,130,220,400,256,0,500,64,1,0,49800,3,0,0
214,320,1,20,130,220,400,256,0,500,64,1,1,61999,2,4,0
215,350,1,20,130,220,400,512,0,500,64,0,0,54990,4,116,15
216,350,1,20,130,220,400,512,0,500,64,1,0,53990,4,206,17
217,320,1,20,130,220,400,512,0,500,64,2,1,52990,4,300,24
218,350,1,20,130,230,400,512,0,500,64,1,1,67990,4,108,6
219,310,1,20,110,220,400,512,0,500,64,1,0,57990,4,3712,412
220,320,1,20,130,230,400,512,0,500,64,1,1,62300,4,825,95
221,320,1,20,130,220,400,512,0,500,64,1,0,52990,3,0,0
222,320,1,20,130,220,400,512,0,500,64,2,1,51990,4,85,4
223,320,1,20,130,230,400,512,0,500,64,0,0,61990,4,56,7
224,310,1,20,130,220,420,512,0,500,32,1,1,63990,4,10,1
225,320,1,20,130,220,400,512,0,500,64,1,1,65990,4,17,4
226,330,1,20,130,220,400,512,0,500,64,1,0,52990,4,155,20
227,320,1,20,110,220,400,512,0,500,64,1,0,49990,3,0,0
228,310,1,20,130,220,400,512,0,500,64,0,0,71990,4,91,17
229,310,1,20,110,220,400,512,0,500,64,1,0,47990,4,35,2
230,320,1,20,110,220,400,512,0,500,32,2,1,48490,4,126,13
231,310,1,20,130,220,400,512,0,500,64,0,0,72990,4,74,10
232,370,1,20,130,230,400,512,0,500,64,2,0,76990,4,75,17
233,310,1,20,130,230,400,512,0,500,64,1,1,89990,4,124,17
234,370,1,20,110,220,400,512,0,500,64,2,0,59990,4,1597,228
235,310,1,20,110,220,400,512,0,500,64,1,1,65990,4,3850,378
236,360,1,20,130,220,400,512,0,500,64,0,0,71990,4,7,1
237,360,1,20,130,220,400,512,0,500,64,0,0,71890,4,3,0
238,320,1,20,130,230,400,512,0,500,64,0,0,64990,3,0,0
239,310,1,20,130,230,400,512,0,500,64,1,0,65990,3,0,0
240,350,1,20,130,220,400,512,0,500,64,0,0,55999,4,5,1
241,310,1,20,130,230,400,512,0,500,64,1,0,73490,4,213,45
242,350,1,20,130,230,400,512,0,500,64,1,1,74490,4,10,0
243,350,1,20,130,220,400,512,0,500,64,1,1,58340,4,69,6
244,330,1,20,130,220,400,512,0,500,64,1,0,55999,4,6,0
245,360,1,20,130,230,400,512,0,500,64,0,0,67990,4,93,9
246,310,1,20,130,230,400,512,0,500,64,1,0,59990,4,11,2
247,310,1,20,130,230,400,512,0,500,64,1,1,82990,4,262,31
248,360,1,20,130,220,400,512,0,500,64,1,1,64190,3,0,0
249,360,1,20,130,230,400,512,0,500,64,0,0,70090,4,5,1
250,310,1,20,110,220,400,512,0,500,64,1,0,49990,4,45,3
251,370,1,20,130,220,400,512,0,500,64,0,0,55490,3,8,1
252,350,1,20,130,220,420,512,0,500,64,0,0,97990,5,3,1
253,310,1,20,160,220,400,512,0,500,64,1,1,54990,4,1681,227
254,320,1,20,130,220,400,512,0,500,64,1,1,59990,4,37,2
255,320,1,20,130,220,400,512,0,500,64,1,1,53990,4,61,2
256,350,1,20,130,230,400,512,0,500,64,1,1,66999,4,17,1
257,330,1,20,130,220,420,512,0,500,64,1,1,60990,4,17,1
258,310,1,20,110,220,400,512,0,500,64,1,1,47990,4,1625,152
259,350,1,20,130,220,400,512,0,500,32,1,1,59999,4,4,1
260,360,1,20,110,230,400,512,0,500,64,1,0,79990,3,0,0
261,310,1,20,110,220,400,512,0,500,64,1,0,63990,3,0,0
262,350,1,20,130,220,400,512,0,500,64,1,1,63990,4,17,1
263,310,1,20,130,230,400,512,0,500,64,1,0,59990,3,0,0
264,320,1,20,130,220,400,512,0,500,64,1,0,55990,3,0,0
266,350,1,20,130,220,400,512,0,500,64,1,1,63990,4,3,0
267,360,1,20,130,230,400,512,0,500,64,1,1,69490,3,0,0
268,360,1,20,130,230,400,512,0,500,64,1,1,89390,3,0,0
269,310,1,20,130,220,420,512,0,500,64,0,0,74990,3,0,0
270,320,1,20,130,220,400,512,0,500,64,3,1,64990,4,48,12
271,320,1,20,110,220,400,512,0,500,64,1,1,66490,4,282,36
272,360,1,20,130,230,400,512,0,500,64,1,1,89702,3,0,0
273,320,1,20,130,230,400,512,0,500,64,1,1,70990,4,67,4
274,310,1,20,130,230,400,512,0,500,64,1,1,58990,3,0,0
275,320,1,20,110,220,400,512,0,500,64,1,1,57500,3,0,0
276,360,1,20,130,220,400,512,0,500,64,1,1,79990,4,23,2
277,370,1,20,110,220,400,512,0,500,64,0,0,56541,4,677,87
278,310,1,20,130,230,400,512,0,500,64,0,0,59990,3,3,0
279,320,1,20,130,230,400,512,0,500,64,1,1,64990,4,46,4
280,360,1,20,130,220,400,512,0,500,64,1,0,61290,3,4,1
281,320,1,20,130,220,400,512,0,500,64,1,1,54990,4,9,1
282,320,1,20,130,220,400,512,0,500,64,1,1,59990,4,26,4
283,310,1,20,130,220,400,512,0,500,32,1,0,84990,5,5,0
284,350,1,20,130,220,400,512,0,500,64,1,1,72500,4,40,3
285,320,1,20,130,220,400,512,0,500,64,0,0,59990,3,44,6
286,320,1,20,130,220,400,512,0,500,64,1,1,87990,4,28,6
287,350,1,20,130,220,400,512,0,500,64,0,0,57990,4,1541,123
288,360,1,20,130,220,400,512,0,500,64,1,1,69490,4,72,7
289,320,1,20,130,220,400,512,0,500,64,3,1,68990,4,44,8
290,320,1,20,130,220,400,512,0,500,32,1,1,77990,4,17,2
291,310,1,20,130,220,420,512,0,500,64,1,0,105990,4,59,11
292,370,1,20,130,220,420,512,0,500,64,1,0,79990,3,0,0
293,360,1,20,130,220,400,512,0,500,64,1,1,55490,4,337,27
294,320,1,20,130,220,400,512,0,500,64,1,1,69990,4,10,2
295,310,1,20,130,220,400,512,0,500,64,1,1,84990,4,10,2
296,360,1,20,130,220,400,512,0,500,64,0,0,59990,3,31,7
297,360,1,20,110,220,420,512,0,500,64,1,1,111890,3,0,0
298,360,1,20,130,220,400,512,0,500,64,1,0,65990,4,10,0
299,310,1,20,130,220,420,512,0,500,32,1,1,72990,4,76,14
300,360,1,20,130,220,400,512,0,500,64,1,1,71090,4,44,6
301,370,1,20,130,220,400,512,0,500,64,2,0,74990,3,0,0
302,310,1,20,110,220,450,512,0,500,64,1,1,79990,4,11,3
303,370,1,20,130,220,400,512,0,500,64,1,0,55490,4,138,16
304,360,1,20,130,220,400,512,0,500,64,1,1,66490,4,199,17
305,310,1,20,130,220,400,512,0,500,64,1,1,53400,4,46,6
306,360,1,20,130,220,400,512,0,500,64,1,1,74500,4,45,5
307,360,1,20,130,220,420,512,0,500,64,1,1,114990,3,0,0
308,360,1,20,130,220,400,512,0,500,64,0,0,61990,4,35,4
309,380,1,20,110,220,420,512,0,520,64,1,0,159990,4,32,5
310,380,1,20,150,220,440,512,0,520,64,1,0,172090,4,108,13
311,370,1,20,130,220,400,512,0,500,64,0,0,74990,3,0,0
312,370,1,20,110,220,400,512,0,500,64,1,0,56490,4,814,112
313,320,1,20,110,220,400,512,0,500,64,3,0,147000,3,0,0
314,320,1,20,130,220,400,512,0,500,64,1,1,55990,4,75,9
315,350,1,20,130,220,400,512,0,500,64,1,1,77990,3,0,0
316,350,1,20,110,220,400,512,0,500,64,1,1,106490,4,3,0
317,320,1,20,130,220,400,512,0,500,32,1,1,70990,4,11,3
318,320,1,20,130,220,400,512,0,500,64,1,1,64990,4,125,11
319,330,1,20,130,220,400,512,0,500,64,1,0,57990,3,0,0
320,310,1,20,110,220,400,512,0,500,64,1,0,64990,4,4,0
321,370,1,20,110,220,400,512,0,500,64,1,0,54990,4,714,147
322,350,1,20,130,220,420,512,0,500,64,0,0,111999,3,0,0
323,320,1,20,110,220,420,512,0,500,64,1,1,70798,4,21,3
324,320,1,20,160,220,400,512,0,500,64,0,0,59990,3,9,1
325,330,1,20,150,220,400,512,0,500,64,1,0,99500,3,0,0
326,350,1,20,110,220,400,512,0,500,64,1,1,55990,4,30,4
327,310,1,20,150,220,450,512,0,500,64,1,0,72990,4,44,4
328,330,1,20,150,220,440,512,0,500,64,1,0,64990,3,4,1
329,310,1,20,130,220,400,512,0,500,64,0,0,57990,3,0,0
330,350,1,20,130,220,400,512,0,500,64,1,1,76990,4,14,2
331,320,1,20,130,220,400,512,0,500,64,2,1,62998,4,739,71
332,360,1,20,130,220,400,512,0,500,64,1,1,77990,4,31,5
333,350,1,20,110,220,400,512,0,500,64,1,1,114990,4,145,19
334,360,1,20,110,220,400,512,0,500,64,1,1,65990,3,0,0
335,360,1,20,130,220,400,512,0,500,64,1,1,88990,3,19,2
336,320,1,20,110,220,400,512,0,500,64,0,0,113590,3,0,0
337,310,1,20,130,220,420,512,0,500,64,1,1,73990,4,32,6
338,350,1,20,130,220,400,512,0,500,64,1,1,61000,4,1124,100
339,310,1,20,130,220,420,512,0,500,64,1,0,99990,4,35,6
340,320,1,20,130,220,400,512,0,500,64,1,1,67990,4,9,0
341,360,1,20,130,220,400,512,0,500,64,1,1,70799,4,98,6
342,320,1,20,130,220,400,512,0,500,64,1,1,65990,4,31,2
343,310,1,20,150,220,400,512,0,500,64,1,0,53690,4,19,3
344,370,1,20,130,220,400,512,0,500,64,1,0,55990,3,0,0
345,310,1,20,130,220,400,512,0,500,64,1,1,53190,4,11,0
346,320,1,20,110,220,400,512,0,500,32,2,1,58999,4,45,3
347,360,1,20,130,220,400,512,0,500,64,3,0,71990,3,0,0
348,350,1,20,130,220,400,512,0,500,32,0,0,82000,3,0,0
349,310,1,20,130,220,420,512,0,500,64,0,0,84990,3,0,0
350,320,1,20,130,220,400,512,0,500,64,0,0,89998,3,0,0
351,310,1,20,130,220,420,512,0,500,64,1,0,99990,3,0,0
353,320,1,20,110,220,400,512,0,500,64,0,0,69899,4,474,37
354,360,1,20,110,220,400,512,0,500,64,1,0,79990,3,0,0
355,360,1,20,110,220,400,512,0,500,64,1,0,76300,4,6,0
356,320,1,20,110,220,400,512,0,500,64,1,1,55999,3,0,0
357,360,1,20,130,220,400,512,0,500,64,0,0,72900,3,24,4
358,360,1,20,130,220,400,512,0,500,64,1,1,73990,4,195,17
359,310,1,20,130,220,410,512,0,500,64,0,0,84990,3,0,0
360,360,1,20,130,220,400,512,0,500,32,0,0,73519,3,0,0
361,350,1,20,110,220,400,512,0,500,64,1,0,126000,5,2,1
362,310,1,20,130,220,400,512,0,500,64,1,0,88990,3,0,0
363,350,1,20,130,220,400,512,0,500,64,1,1,114999,3,0,0
364,360,1,20,130,220,400,512,0,500,64,1,1,82990,4,21,2
365,330,1,20,130,220,400,512,0,500,64,0,0,109999,3,0,0
366,320,1,20,130,220,400,512,0,500,64,1,1,82990,3,0,0
367,360,1,20,130,220,400,512,0,500,64,1,1,79990,4,5,0
368,310,1,20,130,220,420,512,0,500,64,1,0,114990,3,0,0
369,350,1,20,130,220,420,512,0,500,64,1,0,129999,3,0,0
370,370,1,20,150,220,430,512,0,500,32,0,0,149990,4,10,3
371,360,1,20,130,220,400,512,0,500,64,0,0,71290,3,0,0
372,360,1,20,110,220,400,512,0,500,64,1,1,79500,4,10,1
373,360,1,20,110,220,400,512,0,500,64,1,1,82990,3,15,3
374,360,1,20,130,220,400,512,0,500,64,1,1,70980,4,138,23
376,350,1,20,130,220,400,512,0,500,32,0,0,94000,3,0,0
377,360,1,20,130,220,400,512,0,500,64,0,0,82990,4,16,3
378,370,1,20,130,220,420,512,0,500,64,1,0,79990,4,11,4
379,310,1,20,150,220,400,512,0,500,64,0,0,85990,3,0,0
380,310,1,20,110,220,400,512,0,500,64,0,0,86990,3,0,0
381,310,1,20,110,220,450,512,0,500,64,1,1,105990,5,4,0
382,310,1,20,110,220,450,512,0,500,64,0,0,84990,3,0,0
383,320,1,20,150,220,400,512,0,500,64,1,1,59999,4,22,3
384,320,1,20,130,220,400,512,0,500,64,1,1,91999,4,16,2
385,360,1,20,130,220,400,512,0,500,64,1,1,78900,3,16,1
386,310,1,20,110,220,450,512,0,500,64,0,0,132790,3,0,0
387,320,1,20,130,220,400,512,0,500,64,0,0,60990,3,14,6
388,340,1,20,140,220,400,512,0,500,64,0,0,65556,3,0,0
389,360,1,20,130,230,400,512,0,500,64,0,0,70190,3,6,3
390,360,1,20,130,220,400,512,0,500,64,1,0,79590,3,0,0
392,310,1,20,130,220,400,512,0,500,64,1,0,76990,3,0,0
394,340,1,20,150,220,400,512,0,500,64,0,0,44990,3,17,3
395,310,1,20,130,220,400,512,0,500,64,1,1,84990,3,17,2
396,320,1,20,110,220,400,512,0,500,64,1,1,86999,4,3,0
397,350,1,20,130,230,400,512,0,500,64,1,0,78000,4,512,85
398,340,1,20,150,220,400,512,0,500,64,0,0,73063,3,17,3
400,350,1,20,130,230,400,512,0,500,64,1,1,100990,3,0,0
401,320,1,20,150,220,400,512,0,500,64,1,1,74990,3,3,1
402,310,1,20,110,220,400,512,0,500,64,0,0,75990,4,1365,137
403,320,1,20,130,220,400,512,0,500,32,1,1,84086,3,8,3
404,310,1,20,130,220,400,1024,0,500,64,0,0,75990,4,368,48
405,310,1,20,130,220,400,1024,0,500,64,1,1,77990,4,202,26
406,310,1,20,110,220,400,1024,0,500,64,1,0,77990,4,187,26
407,380,1,20,110,230,420,1024,0,520,64,1,0,179990,4,31,3
408,380,1,20,110,230,420,1024,0,520,64,1,0,179990,4,91,5
409,310,1,20,110,220,400,1024,0,500,64,0,0,82990,4,844,118
410,310,1,20,130,220,400,1024,0,500,64,1,0,87990,3,0,0
411,310,1,20,130,220,400,1024,0,500,64,0,0,84500,4,3,0
412,360,1,20,130,220,420,1024,0,500,64,0,0,74190,4,21,3
413,320,1,20,130,220,400,1024,0,500,64,1,1,64990,3,4,0
414,320,1,20,110,220,400,512,512,500,64,3,0,155411,3,0,0
415,320,1,20,110,220,400,512,512,500,64,3,0,125394,3,0,0
416,330,1,20,130,220,400,0,1024,500,64,0,0,49990,3,0,0
417,330,1,20,130,220,400,0,1024,500,64,1,0,46990,3,253,28
418,360,1,20,130,220,400,0,1024,500,64,1,1,48990,3,470,46
419,330,1,20,150,220,400,0,1024,500,64,1,1,59999,4,118,28
420,310,1,20,110,220,400,0,1024,500,64,1,0,46990,4,1444,179
421,370,1,20,110,220,400,0,1024,500,64,2,0,52990,4,1114,137
422,320,1,20,140,220,400,0,1024,500,32,0,0,57999,3,0,0
423,320,1,20,170,220,440,0,1024,500,64,0,0,52490,3,78,17
424,320,1,20,150,220,400,0,1024,500,64,1,0,56990,4,21,5
425,330,1,20,150,220,400,0,1024,500,64,1,0,61990,4,73,21
426,360,1,20,130,220,400,0,1024,500,32,0,0,58090,3,0,0
427,310,1,20,110,220,400,0,1024,500,64,0,0,56990,3,0,0
428,330,1,20,150,220,400,0,1024,500,64,1,0,61597,3,0,0
429,310,1,20,150,220,400,0,1024,500,64,0,0,81990,3,0,0
430,310,1,20,110,220,400,0,1024,500,64,0,0,61249,3,0,0
431,360,1,20,130,220,400,0,1024,500,32,0,0,58990,3,0,0
432,310,1,20,110,220,400,0,1024,500,64,0,0,83990,3,0,0
433,370,1,20,110,220,410,0,512,510,32,0,0,291190,4,7,3
434,370,1,20,110,220,410,0,512,510,32,0,0,145990,4,715,106
435,370,1,20,110,220,410,0,512,510,32,0,0,179990,4,24,5
436,350,1,20,150,220,400,0,1024,500,64,1,1,64990,4,23,4
437,350,1,20,150,220,400,0,1024,500,64,1,0,46790,4,3062,325
438,350,1,20,140,210,400,0,1024,500,64,1,0,44599,4,122,12
439,330,1,20,150,220,400,0,1024,500,64,1,0,72964,4,18,6
440,350,1,20,110,220,400,0,1024,500,32,1,1,48790,3,11,1
441,330,1,20,110,220,400,0,1024,500,64,1,0,56491,3,30,6
442,310,1,20,130,220,400,256,1024,500,32,1,1,50990,4,1188,127
443,310,1,20,110,220,400,256,1024,500,64,0,0,55990,4,23,0
444,330,1,20,130,220,400,256,1024,500,64,1,0,57990,4,32,1
445,310,1,20,130,220,400,256,1024,500,64,1,0,52990,3,0,0
446,360,1,20,130,220,400,256,1024,500,64,1,0,57990,4,47,0
447,330,1,20,130,220,400,256,1024,500,64,1,0,56990,4,27,2
448,330,1,20,130,220,400,256,1024,500,64,0,0,55490,3,8,3
449,360,1,20,130,220,400,256,1024,500,64,1,0,62490,3,157,20
450,310,1,20,130,230,400,256,1024,500,64,1,0,64990,4,10,1
451,320,1,20,130,220,400,256,1024,500,64,1,1,59990,4,52,4
452,310,1,20,130,220,400,256,1024,500,64,1,1,60190,4,33,4
453,310,1,20,160,220,400,256,1024,500,64,0,0,54490,4,343,47
454,320,1,20,160,220,400,256,1024,500,64,1,1,60990,4,131,17
455,360,1,20,130,210,400,256,1024,500,64,1,1,55790,4,41,4
456,310,1,20,130,230,400,256,1024,500,64,1,1,64990,4,328,51
457,310,1,20,130,230,400,256,1024,500,64,0,0,58990,4,6,1
458,360,1,20,130,220,400,256,1024,500,64,1,1,54990,3,353,28
459,350,1,20,130,220,400,256,1024,500,64,1,1,71990,4,127,20
460,360,1,20,130,220,400,256,1024,500,64,1,0,69900,3,0,0
461,320,1,20,130,220,400,256,1024,500,64,1,1,65990,4,241,19
462,310,1,20,130,220,400,256,1024,500,64,1,0,49990,3,22,2
463,360,1,20,130,220,400,256,1024,500,64,1,1,58990,4,8,1
464,320,1,20,110,220,400,256,1024,500,64,0,0,74590,4,898,128
465,310,1,20,110,220,400,256,1024,500,32,0,0,58990,5,1,1
466,310,1,20,130,220,400,256,1024,500,64,1,0,64990,3,0,0
467,360,1,20,130,220,400,256,1024,500,64,0,0,66490,3,6,1
468,360,1,20,110,220,400,256,1024,500,64,0,0,77900,4,179,34
469,360,1,20,130,220,400,256,1024,500,64,0,0,67490,3,41,5
470,360,1,20,130,220,400,256,1024,500,64,1,1,61990,3,0,0
471,360,1,20,130,220,400,256,1024,500,64,1,1,58990,4,114,9
472,320,1,20,110,220,400,256,1024,500,64,0,0,74999,4,268,25
473,310,1,20,130,220,400,256,1024,500,64,1,1,68900,5,6,1
474,360,1,20,130,220,400,256,1024,500,64,0,0,71695,4,153,16
475,330,1,20,130,230,400,256,1024,500,64,0,0,62490,3,8,0
476,360,1,20,150,220,400,0,2048,500,64,1,1,62317,4,377,53
477,370,1,20,110,220,410,0,512,510,32,0,0,207290,3,0,0
478,360,1,50,150,230,400,256,0,500,64,1,1,87990,4,120,21
479,340,1,50,150,220,400,256,0,500,64,0,0,73990,3,0,0
485,310,1,50,110,230,400,512,0,500,64,1,0,57990,4,76,9
486,310,1,50,110,220,400,512,0,500,64,0,0,61990,4,11,2
487,370,1,50,110,230,400,512,0,500,64,2,0,79990,4,484,56
488,320,1,50,110,220,400,512,0,500,64,1,1,68990,4,44,2
489,320,1,50,130,230,400,512,0,500,64,1,1,85990,4,77,10
490,320,1,50,130,230,400,512,0,500,64,1,1,99990,4,11,3
491,310,1,50,130,220,400,512,0,500,64,1,1,77990,4,21,5
492,320,1,50,130,220,400,512,0,500,64,0,0,79990,4,5,2
493,350,1,50,130,230,400,512,0,500,64,1,1,93190,5,4,0
494,310,1,50,130,230,420,512,0,500,64,1,1,94990,3,0,0
495,320,1,50,130,230,400,512,0,500,64,3,1,84990,4,13,2
496,370,1,50,110,220,400,512,0,500,64,0,0,57990,4,15,0
497,350,1,50,130,230,400,512,0,500,64,1,1,102990,4,11,2
498,360,1,50,130,230,400,512,0,500,64,1,0,99990,3,0,0
499,310,1,50,130,230,400,512,0,500,64,0,0,94990,4,118,15
500,350,1,50,130,230,400,512,0,500,64,1,1,104000,3,0,0
501,370,1,50,130,230,400,512,0,500,64,0,0,76990,3,0,0
502,350,1,50,130,230,400,512,0,500,64,1,1,90190,4,6,1
503,320,1,50,130,230,400,512,0,500,32,0,0,88488,3,0,0
504,370,1,50,110,230,400,512,0,500,64,1,0,109990,4,138,30
505,370,1,50,130,230,400,512,0,500,64,0,0,86990,3,0,0
506,370,1,50,130,230,420,512,0,500,64,1,0,89990,3,0,0
507,350,1,50,110,230,450,512,0,500,64,1,1,239759,3,0,0
508,310,1,50,130,230,400,512,0,500,64,1,1,78990,4,35,4
509,360,1,50,150,230,440,512,0,500,64,1,1,121890,1,3,0
510,310,1,50,150,230,450,512,0,500,64,1,0,85990,4,18,0
511,370,1,50,130,230,400,512,0,500,64,2,0,94990,3,0,0
512,350,1,50,130,230,400,512,0,500,64,1,1,92000,4,8,1
513,350,1,50,110,230,400,512,0,500,64,1,0,162990,3,3,1
514,360,1,50,130,230,420,512,0,500,64,1,1,135300,5,5,2
515,370,1,50,130,230,400,512,0,500,64,0,0,64990,4,33,5
516,320,1,50,110,230,400,512,0,500,64,3,0,174527,3,0,0
517,320,1,50,110,230,400,512,0,500,64,0,0,162299,3,0,0
518,360,1,50,110,230,400,512,0,500,64,1,1,109190,3,0,0
519,350,1,50,130,230,400,512,0,500,64,1,1,99999,3,0,0
520,370,1,50,110,230,400,512,0,500,64,1,0,104990,4,85,9
521,310,1,50,130,230,420,512,0,500,64,0,0,109990,3,0,0
522,310,1,50,150,230,440,512,0,500,64,1,0,99990,4,30,7
523,320,1,50,150,230,400,512,0,500,64,0,0,244801,3,0,0
524,310,1,50,130,230,420,512,0,500,64,0,0,94990,3,0,0
525,320,1,50,150,230,400,512,0,500,64,1,1,86000,3,0,0
526,320,1,50,110,230,400,512,0,500,32,0,0,162399,3,0,0
527,350,1,50,130,230,400,512,0,500,32,0,0,119599,3,0,0
528,320,1,50,110,230,450,512,0,500,64,0,0,211753,3,0,0
529,320,1,50,130,230,400,512,0,500,32,0,0,110999,3,0,0
531,310,1,50,150,220,450,512,0,500,64,1,0,81990,4,40,4
532,370,1,50,160,220,400,512,0,500,64,2,0,66990,4,1639,230
533,370,1,50,110,230,400,1024,0,500,64,2,0,84990,4,498,64
534,310,1,50,130,230,420,1024,0,500,64,1,1,104990,3,0,0
535,310,1,50,130,230,420,1024,0,500,64,1,0,134990,3,0,0
536,310,1,50,130,230,400,1024,0,500,64,0,0,98990,4,445,56
537,350,1,50,110,230,400,1024,0,500,64,1,1,144690,4,17,4
538,310,1,50,130,230,420,1024,0,500,64,0,0,99990,3,0,0
539,370,1,50,130,230,400,1024,0,500,64,2,0,119990,4,20,3
540,310,1,50,130,230,400,1024,0,500,32,1,0,194990,3,0,0
541,310,1,50,110,230,450,1024,0,500,64,1,1,124990,4,17,1
542,360,1,50,130,230,400,1024,0,500,64,0,0,122410,3,0,0
543,350,1,50,110,230,400,1024,0,500,64,1,0,179990,4,13,5
544,370,1,50,130,230,400,1024,0,500,64,2,0,154990,4,3,2
545,320,1,50,130,230,420,1024,0,500,64,1,1,122990,3,4,2
546,310,1,50,110,230,400,1024,0,500,64,1,0,224990,4,9,0
547,370,1,50,180,230,430,1024,0,500,64,0,0,279990,3,0,0
548,350,1,50,130,230,400,1024,0,500,64,0,0,121990,3,0,0
549,350,1,50,130,230,400,1024,0,500,64,0,0,116990,3,0,0
550,320,1,50,130,230,400,1024,0,500,64,0,0,151098,4,7,0
551,370,1,50,130,230,400,1024,0,500,64,2,0,129990,4,14,3
552,350,1,50,130,230,420,1024,0,500,64,1,0,149999,3,0,0
553,370,1,50,180,230,400,1024,0,500,64,0,0,139990,4,4,2
554,330,1,50,130,230,400,1024,0,500,64,1,0,129990,4,54,7
555,350,1,50,130,230,400,1024,0,500,64,1,1,171990,3,0,0
556,360,1,50,130,230,400,1024,0,500,64,1,1,93955,4,4,0
557,310,1,50,110,230,400,1024,0,500,64,0,0,234990,3,0,0
558,350,1,50,130,230,420,1024,0,500,64,1,1,128500,3,3,1
559,320,1,50,130,230,400,1024,0,500,64,1,1,102990,4,16,2
560,310,1,50,130,230,420,1024,0,500,64,1,0,119990,4,8,1
561,310,1,50,130,230,400,1024,0,500,32,0,0,120980,3,0,0
562,310,1,50,130,230,400,1024,0,500,32,1,0,157249,4,7,0
563,320,1,50,160,230,400,1024,0,500,64,0,0,229900,3,0,0
564,310,1,50,130,230,400,1024,0,500,64,1,0,131500,3,0,0
565,310,1,50,110,230,450,1024,0,500,64,0,0,154990,5,3,0
566,310,1,50,110,230,450,1024,0,500,64,0,0,165990,3,0,0
567,320,1,50,110,230,420,1024,0,500,64,0,0,119990,2,2,1
568,310,1,50,110,230,450,1024,0,500,64,0,0,167990,3,0,0
569,350,1,50,130,230,420,1024,0,500,64,1,0,165000,3,0,0
570,340,1,50,110,230,400,1024,0,500,64,0,0,62990,3,207,49
571,320,1,50,130,230,410,1024,0,500,64,1,1,85990,3,7,2
572,350,1,50,130,230,400,1024,0,500,64,1,1,94990,3,0,0
573,350,1,50,130,230,400,1024,0,500,64,1,1,136990,3,0,0
574,320,1,50,110,230,400,1024,0,500,64,1,1,234990,3,0,0
575,330,1,50,110,230,400,2048,0,500,64,1,0,159990,3,4,0
576,310,1,50,110,230,450,2048,0,500,64,0,0,233990,3,0,0
577,310,1,50,110,230,400,0,1024,500,64,0,0,93990,3,0,0
578,350,1,50,150,230,400,128,1024,500,64,1,0,116941,3,0,0
579,370,1,50,110,220,400,256,1024,500,64,2,0,63990,4,794,83
580,310,1,50,110,230,400,256,1024,500,64,0,0,66990,4,25,4
581,310,1,50,130,230,400,256,1024,500,32,0,0,82500,3,0,0
582,330,1,50,110,230,400,256,1024,500,64,1,0,119990,4,2038,313
583,370,1,50,110,230,400,256,1024,500,64,3,0,159990,3,0,0
584,310,1,50,150,230,400,256,1024,500,64,0,0,98912,3,0,0
585,330,1,50,130,230,400,512,1024,500,64,1,0,92990,4,214,37
586,330,1,50,130,230,400,512,1024,500,32,1,0,119990,4,342,54
587,330,1,60,130,240,400,1024,0,500,64,1,0,169990,3,0,0
588,330,1,60,130,230,400,1024,0,500,64,1,0,139990,3,0,0
589,370,1,60,130,230,400,1024,0,500,64,0,0,192990,3,0,0
590,310,1,60,180,230,430,1024,0,500,64,0,0,299990,3,0,0
591,310,1,60,110,230,400,1024,0,500,64,1,0,269990,4,8,1
592,310,1,60,130,230,400,1024,0,500,64,1,0,139990,3,0,0
593,320,1,60,110,230,400,1024,0,500,32,0,0,265998,3,0,0
594,310,1,60,130,230,400,3072,0,500,32,1,0,441990,5,1,1
595,370,1,20,110,220,410,0,512,510,32,0,0,86990,4,218,27
596,370,1,20,110,220,410,0,512,510,32,0,0,109990,4,78,16
597,370,1,20,110,220,410,0,512,510,32,0,0,109590,4,5,2
598,310,1,50,110,230,420,0,512,510,32,0,0,146490,3,2,1
599,380,3,70,110,220,400,256,0,520,64,1,0,85990,4,6725,629
600,380,3,70,110,220,400,256,0,520,64,1,0,112990,4,640,70
601,380,3,70,110,230,400,256,0,520,64,1,0,104990,4,45,4
603,380,3,70,110,230,400,256,0,520,64,1,0,132990,4,640,70
606,380,3,70,110,230,400,512,0,520,64,1,0,149990,4,640,70
607,380,3,70,110,220,400,512,0,520,64,1,0,125990,4,399,45
608,380,3,70,110,220,400,512,0,520,64,1,0,103990,4,809,91
609,380,3,70,110,220,400,512,0,520,64,1,0,101990,4,809,91
610,380,3,70,110,220,400,512,0,520,64,1,0,104990,4,6725,629
611,380,3,70,110,220,400,512,0,520,64,1,0,131990,4,399,45
612,380,3,70,110,230,400,512,0,520,64,1,0,128990,4,45,4
613,380,3,70,110,230,400,512,0,520,64,1,0,184990,4,42,8
614,380,3,70,110,230,400,512,0,520,64,1,0,225990,4,42,8
615,380,3,70,110,210,400,512,0,520,64,1,0,124990,4,45,4
617,380,3,70,110,220,400,1024,0,520,64,1,0,149990,4,640,70
618,380,3,70,110,230,400,1024,0,520,64,1,0,169990,4,640,70
619,380,3,70,110,230,400,1024,0,520,64,1,0,225990,4,42,8
620,380,3,70,110,230,400,1024,0,520,64,1,0,243990,4,42,8
621,380,3,70,110,240,400,1024,0,520,64,1,0,309990,5,3,1
623,310,1,80,120,210,420,0,512,500,64,0,0,45990,3,0,0
624,310,1,80,120,210,400,128,0,500,32,0,0,58100,3,0,0
625,310,1,80,120,220,420,256,0,500,64,1,0,62990,3,0,0
626,350,1,80,120,220,400,256,0,500,64,1,1,32990,4,77,9
627,310,1,80,120,210,400,256,0,500,64,1,1,33990,4,6,0
628,330,1,80,120,210,400,256,0,500,64,1,0,30990,4,465,89
629,360,1,80,120,210,400,256,0,500,64,1,0,36000,4,102,16
630,310,1,80,120,210,400,256,0,500,64,1,1,32990,4,7,1
631,360,1,80,120,210,400,256,0,500,64,1,0,35990,3,0,0
632,310,1,80,120,210,410,0,1024,500,64,0,0,27990,3,0,0
633,310,1,80,120,210,400,0,1024,500,64,1,0,25990,3,4741,658
634,310,1,80,120,210,400,0,1024,500,64,1,0,25990,3,2736,350
635,310,1,80,120,210,400,0,1024,500,64,0,0,30780,3,0,0
636,350,2,90,120,220,400,256,0,500,64,1,0,37990,4,2214,241
637,310,2,90,120,220,400,256,0,500,64,1,0,35990,4,2886,375
638,360,2,90,120,220,400,256,0,500,64,0,0,39490,4,34,4
639,360,2,90,120,220,400,256,0,500,64,0,0,36990,4,137,15
640,360,2,90,120,220,400,256,0,500,64,1,0,39990,4,7,0
641,310,2,90,120,210,400,256,0,500,64,1,0,33690,4,170,26
642,360,2,90,120,220,400,256,0,500,64,0,0,40590,3,0,0
643,310,2,90,120,210,400,256,0,500,64,1,0,37990,4,39,3
644,310,2,90,120,210,400,256,0,500,64,1,1,34500,4,2886,375
645,330,2,90,120,220,400,512,0,500,64,1,0,36990,4,11,2
646,350,2,90,120,220,400,512,0,500,64,0,0,43490,4,163,33
647,350,2,90,120,220,400,512,0,500,64,1,1,41490,4,153,21
648,330,2,90,120,210,400,512,0,500,64,0,0,34990,3,0,0
649,350,2,90,120,210,400,512,0,500,64,1,1,44490,4,267,42
650,360,2,90,120,210,400,512,0,500,64,0,0,40590,3,0,0
651,360,2,90,120,220,400,512,0,500,64,0,0,42090,3,3,0
652,360,2,90,120,220,400,0,1024,500,64,1,1,35990,4,59,12
653,350,2,90,120,220,400,0,1024,500,64,1,1,39490,4,7291,895
654,360,2,90,120,220,400,0,1024,500,64,0,0,37390,4,38,5
655,360,2,90,120,210,400,0,1024,500,64,1,1,52632,3,0,0
656,360,2,90,120,210,400,0,1024,500,64,1,1,39990,4,409,39
657,360,2,90,120,210,400,0,1024,500,64,1,0,43990,3,0,0
658,350,2,90,120,210,400,0,1024,500,64,1,0,32917,4,353,58
659,320,2,90,120,210,400,0,1024,500,64,0,0,34990,3,38,6
660,360,2,90,120,220,400,0,1024,500,64,0,0,39990,3,18,4
661,350,2,90,120,220,400,256,1024,500,64,1,1,41999,4,3524,432
662,360,2,40,120,220,400,256,0,500,64,1,1,41990,4,939,107
663,360,2,40,120,220,400,256,0,500,64,1,0,44490,4,14,1
664,360,2,40,120,220,400,256,0,500,64,1,1,41990,4,649,84
665,360,2,40,120,220,400,256,0,500,64,1,1,44490,4,8,2
666,370,2,40,120,210,400,256,0,500,64,1,0,49990,3,0,0
667,360,2,40,120,210,400,256,0,500,64,1,0,44390,4,276,24
668,350,2,40,120,220,400,512,0,500,64,1,0,57990,4,4740,532
669,320,2,40,120,220,400,512,0,500,64,1,1,56990,4,162,15
670,320,2,40,120,220,400,512,0,500,64,1,0,48990,4,219,27
671,350,2,40,120,220,400,512,0,500,64,1,1,49970,4,193,28
672,370,2,40,120,220,400,512,0,500,64,0,0,47990,4,562,89
673,350,2,40,120,220,400,512,0,500,64,1,1,48990,4,45,5
674,330,2,40,120,220,420,512,0,500,64,1,0,53990,4,7,0
675,320,2,40,120,220,400,512,0,500,64,1,1,52990,4,39,5
676,330,2,40,120,220,400,512,0,500,64,1,0,43990,3,0,0
677,320,2,40,120,220,400,512,0,500,64,0,0,59490,4,92,10
678,370,2,40,120,220,400,512,0,500,64,0,0,64990,4,469,80
679,360,2,40,120,220,400,512,0,500,64,0,0,47490,2,2,1
680,350,2,40,120,220,400,512,0,500,64,1,0,59990,4,1978,188
681,320,2,40,120,220,400,512,0,500,64,0,0,69990,4,9,0
682,350,2,40,120,220,400,512,0,500,64,1,0,58990,4,1049,134
683,360,2,40,120,220,400,512,0,500,64,1,0,59490,4,74,18
684,350,2,40,120,230,400,512,0,500,64,1,1,67500,4,196,19
685,350,2,40,120,220,400,512,0,500,32,0,0,48990,4,17,1
686,310,2,40,120,220,400,512,0,500,64,1,1,62450,4,172,36
687,310,2,40,120,220,400,512,0,500,64,1,0,58990,4,324,34
688,350,2,40,120,220,400,512,0,500,64,1,1,57999,4,86,15
689,310,2,40,120,230,400,512,0,500,64,0,0,56990,4,4,1
690,350,2,40,120,220,400,512,0,500,64,1,1,72990,4,16,4
691,350,2,40,120,230,400,512,0,500,64,1,1,65990,4,104,18
692,350,2,40,120,230,400,512,0,500,64,1,1,98020,3,0,0
693,350,2,40,120,230,400,512,0,500,64,1,1,63990,4,90,13
694,310,2,40,120,220,400,512,0,500,32,1,1,49890,4,6,1
695,360,2,40,120,220,400,512,0,500,64,1,1,49990,4,47,7
696,360,2,40,120,220,400,512,0,500,64,1,1,59490,3,0,0
697,350,2,40,120,220,400,512,0,500,64,1,1,73999,4,206,27
698,360,2,40,120,210,400,512,0,500,64,1,1,60990,4,183,42
699,360,2,40,120,210,400,512,0,500,64,0,0,76190,4,358,64
700,320,2,40,120,210,420,512,0,500,64,3,1,74798,3,0,0
701,310,2,40,120,210,400,512,0,500,64,1,0,58990,4,88,13
702,350,2,40,120,210,400,512,0,500,32,0,0,68100,3,0,0
703,320,2,40,120,210,400,512,0,500,64,1,1,77990,3,0,0
704,350,2,40,120,210,400,512,0,500,64,1,1,55090,4,364,52
705,310,2,40,120,210,420,512,0,500,64,0,0,91990,3,0,0
706,350,2,40,120,210,400,512,0,500,64,1,1,84208,3,0,0
707,330,2,40,120,210,400,512,0,500,64,1,0,44990,4,313,39
708,350,2,40,120,210,400,512,0,500,64,1,1,53490,4,826,118
709,320,2,40,120,210,400,512,0,500,64,0,0,76498,3,0,0
710,360,2,40,120,210,400,512,0,500,64,1,0,98920,3,0,0
711,370,2,40,120,210,400,512,0,500,64,0,0,54990,4,1410,203
712,330,2,40,120,210,400,512,0,500,64,1,0,49990,4,47,6
713,350,2,40,120,210,400,512,0,500,32,0,0,52380,3,0,0
714,330,2,40,120,210,400,512,0,500,64,1,0,49990,4,6,1
715,350,2,40,120,210,400,512,0,500,64,1,1,52500,4,741,67
716,310,2,40,120,210,400,512,0,500,64,1,1,49990,4,14,2
717,330,2,40,120,210,400,512,0,500,64,1,0,75999,3,0,0
718,310,2,40,120,210,400,512,0,500,64,1,0,80990,3,0,0
719,320,2,40,120,210,400,512,0,500,32,1,0,59900,3,3,0
720,350,2,40,120,210,400,512,0,500,64,1,1,54590,4,349,69
721,360,2,40,120,210,400,512,0,500,64,1,1,75500,3,0,0
722,350,2,40,120,220,400,512,0,500,64,1,1,51890,4,519,48
723,310,2,40,120,230,400,512,0,500,64,1,0,78000,2,3,0
724,350,2,40,120,230,400,512,0,500,64,1,1,59999,4,19,1
725,350,2,40,120,220,400,512,0,500,64,1,1,64990,3,8,1
726,360,2,40,120,210,400,1024,0,500,32,0,0,57900,4,3,1
727,320,2,40,120,210,420,1024,0,500,64,3,1,81978,3,0,0
728,350,2,40,120,210,400,0,1024,500,64,1,0,59990,4,1480,151
729,360,2,40,120,220,400,256,1024,500,64,0,0,49490,4,31,3
730,310,2,40,120,220,400,256,1024,500,64,1,0,54990,4,18,3
731,320,2,40,120,220,400,256,1024,500,64,0,0,68500,4,271,24
732,310,2,40,120,220,400,256,1024,500,64,1,0,54990,4,49,6
733,310,2,40,120,220,400,256,1024,500,32,1,1,54990,4,474,65
734,320,2,40,120,220,400,256,1024,500,64,1,1,63990,4,861,116
735,350,2,40,120,210,400,256,1024,500,64,1,0,80000,4,34,6
736,360,2,40,120,210,400,256,1024,500,32,0,0,51990,3,0,0
737,310,2,40,120,210,400,256,1024,500,64,1,1,62990,4,165,34
738,350,2,40,120,210,400,256,1024,500,64,1,0,52990,4,698,74
739,310,2,40,120,210,400,256,1024,500,64,1,1,75100,3,0,0
740,310,2,100,120,230,400,512,0,500,32,0,0,76990,4,22,3
741,310,2,100,120,230,400,512,0,500,64,1,0,79990,3,0,0
742,310,2,100,120,220,400,512,0,500,64,0,0,71990,4,144,16
743,310,2,100,120,220,400,512,0,500,64,0,0,71990,4,1810,235
744,320,2,100,120,230,400,512,0,500,64,1,1,99990,4,26,1
745,310,2,100,120,230,400,512,0,500,64,1,0,79990,3,0,0
746,360,2,100,120,230,400,512,0,500,64,1,0,93990,3,0,0
747,310,2,100,120,230,400,512,0,500,64,0,0,82990,4,1067,145
748,310,2,100,120,210,430,512,0,500,64,0,0,106990,3,0,0
749,310,2,100,120,210,400,512,0,500,64,1,0,92990,4,25,4
750,320,1,100,120,210,400,512,0,500,32,3,1,81490,3,0,0
751,310,2,100,120,210,400,512,0,500,64,1,1,56990,3,0,0
752,370,2,100,120,210,400,512,0,500,64,0,0,64990,3,0,0
753,320,2,100,120,210,400,512,0,500,64,1,1,60990,4,530,69
754,320,2,100,120,210,400,512,0,500,64,1,1,84988,3,0,0
755,350,2,100,120,210,400,512,0,500,64,1,0,90990,4,273,40
756,310,2,100,120,210,400,512,0,500,64,1,0,63990,4,77,7
757,320,2,100,120,210,400,512,0,500,64,1,1,63990,4,105,10
758,350,2,100,120,210,400,512,0,500,64,1,1,57999,4,44,5
759,310,2,100,120,210,400,512,0,500,32,0,0,72400,3,0,0
760,320,2,100,120,210,400,512,0,500,64,1,0,78990,4,6,0
761,330,2,100,120,210,400,512,0,500,64,1,0,59990,3,0,0
762,310,2,100,120,210,430,512,0,500,32,1,0,111990,3,0,0
763,350,2,100,120,210,400,512,0,500,32,0,0,109000,3,0,0
764,360,2,100,120,210,400,512,0,500,64,0,0,89990,4,191,27
765,320,2,100,120,210,400,512,0,500,64,3,1,78988,3,0,0
766,320,2,100,120,210,400,512,0,500,64,0,0,73138,3,4,1
767,320,2,100,120,210,400,512,0,500,64,1,0,106990,3,0,0
768,310,2,100,120,210,400,512,0,500,32,0,0,79990,3,0,0
769,360,2,100,120,210,400,512,0,500,64,1,1,89570,3,0,0
770,350,2,100,120,210,400,512,0,500,64,1,1,68500,4,134,22
771,320,2,100,120,230,400,512,0,500,64,1,0,73400,3,0,0
772,350,2,100,120,230,400,512,0,500,64,1,1,79990,3,23,6
773,350,2,100,120,230,400,512,0,500,64,1,1,84990,2,4,2
774,370,2,100,120,230,400,1024,0,500,64,1,0,99990,4,108,24
775,310,2,100,120,220,420,1024,0,500,64,0,0,72990,4,198,24
776,350,2,100,120,230,400,1024,0,500,64,1,1,92990,3,0,0
777,350,2,100,120,230,400,1024,0,500,64,1,1,84190,3,0,0
778,310,2,100,120,230,420,1024,0,500,64,0,0,112990,3,0,0
779,310,2,100,120,210,430,1024,0,500,32,1,0,114990,3,0,0
780,330,2,100,120,210,400,1024,0,500,64,1,0,99990,3,0,0
781,310,2,100,120,210,400,1024,0,500,32,0,0,95990,4,57,3
782,350,2,100,120,210,400,1024,0,500,64,1,0,159990,4,17,2
783,310,2,100,120,210,400,1024,0,500,64,1,1,76990,3,0,0
784,320,2,100,120,210,400,1024,0,500,64,1,1,130990,3,0,0
785,310,2,100,120,210,400,1024,0,500,64,1,0,99990,3,0,0
786,310,2,100,120,210,430,1024,0,500,64,0,0,112990,3,0,0
787,320,2,100,120,210,400,1024,0,500,64,1,1,77988,3,0,0
788,310,2,100,120,210,400,1024,0,500,64,1,1,76000,5,1,1
789,310,2,100,120,210,420,1024,0,500,64,1,0,99990,4,77,15
790,310,2,100,120,210,400,1024,0,500,64,1,0,111000,3,0,0
791,310,2,100,120,230,420,1024,0,500,64,1,1,84970,3,2,1
792,350,2,100,120,230,400,256,1024,500,64,1,1,75990,4,1084,123
793,330,2,100,120,230,400,256,1024,500,64,1,0,89990,4,272,36
794,330,2,100,120,230,400,256,1024,500,64,0,0,81990,4,141,24
795,320,2,100,120,210,400,512,1024,500,32,0,0,80490,3,0,0
796,310,2,111,120,230,400,1024,0,500,64,1,0,135990,3,0,0
797,310,2,111,120,230,400,1024,0,500,32,1,0,154990,4,194,42
798,310,2,111,120,230,400,1024,0,500,64,1,1,199990,4,9,2
799,310,2,111,120,230,400,1024,0,500,64,0,0,114990,4,28,4
800,310,2,111,120,230,400,1024,0,500,64,1,1,129990,4,204,35
801,310,2,111,120,230,420,1024,0,500,64,1,1,114990,4,32,6
802,370,2,111,120,210,400,1024,0,500,64,0,0,146990,3,0,0
803,310,2,111,120,210,400,1024,0,500,64,1,0,104990,4,14,2
804,310,2,111,120,210,420,1024,0,500,64,1,0,114990,4,14,1
805,310,2,111,120,210,420,1024,0,500,64,1,1,124990,5,3,0
806,310,2,111,120,210,420,1024,0,500,64,0,0,134990,3,0,0
807,350,2,111,120,210,400,1024,0,500,64,1,1,141990,3,0,0
808,310,2,111,120,210,400,1024,0,500,64,1,0,129990,3,0,0
809,310,2,111,120,210,420,1024,0,500,64,1,1,142990,4,4,1
810,310,2,111,120,210,400,1024,0,500,64,1,0,121990,3,0,0
811,310,2,111,120,210,420,1024,0,500,64,1,1,124990,4,44,12
812,310,2,111,120,210,400,1024,0,500,64,0,0,141990,4,61,13
813,310,2,111,120,210,400,1024,0,500,64,1,0,162990,3,0,0
814,310,2,111,120,210,400,1024,0,500,64,1,0,130500,3,0,0
815,310,2,111,120,210,400,1024,0,500,64,0,0,116990,3,0,0
816,310,2,111,120,210,400,1024,0,500,32,0,0,138990,3,0,0
817,310,2,111,120,210,420,1024,0,500,64,1,1,234990,3,0,0
818,310,2,111,120,210,400,1024,0,500,64,1,0,135990,3,0,0
819,310,2,111,120,210,400,1024,0,500,64,1,0,144990,3,0,0
820,310,2,111,120,210,400,1024,0,500,64,1,0,149990,3,0,0
821,310,2,111,120,210,400,1024,0,500,64,1,0,142990,3,0,0
822,320,2,40,110,220,400,512,0,510,64,0,0,57490,4,18,4
